Date,AAPL,AMZN,JNJ,JPM,META,MSFT,NVDA,TSLA,XOM
2023-01-03,123.4706039428711,85.81999969482422,164.89013671875,126.70986938476562,124.15486145019531,234.80894470214844,14.303278923034668,108.0999984741211,97.81239318847656
2023-01-04,124.74412536621094,85.13999938964844,166.685302734375,127.89141082763672,126.77252960205078,224.53765869140625,14.736924171447754,113.63999938964844,98.09706115722656
2023-01-05,123.4212417602539,83.12000274658203,165.45455932617188,127.86310577392578,126.34452819824219,217.88284301757812,14.25332260131836,110.33999633789062,100.2918930053711
2023-01-06,127.96245574951172,86.08000183105469,166.79635620117188,130.30979919433594,129.4101104736328,220.45065307617188,14.846834182739258,113.05999755859375,101.50410461425781
2023-01-09,128.4856414794922,87.36000061035156,162.47494506835938,129.77133178710938,128.8626708984375,222.5970458984375,15.615203857421875,119.7699966430664,99.6123275756836
2023-01-10,129.05824279785156,89.87000274658203,162.0862579345703,130.9333038330078,132.3661651611328,224.2926483154297,15.895977020263672,118.8499984741211,101.10003662109375
2023-01-11,131.782958984375,95.08999633789062,161.8271484375,131.9063262939453,132.26663208007812,231.07479858398438,15.987899780273438,123.22000122070312,102.27552032470703
2023-01-12,131.70396423339844,95.2699966430664,161.0128936767578,131.77407836914062,136.06871032714844,233.76025390625,16.497482299804688,123.55999755859375,103.97444915771484
2023-01-13,133.0366973876953,98.12000274658203,160.4853973388672,135.099365234375,136.33743286132812,234.4658966064453,16.885164260864258,122.4000015258789,103.91015625
2023-01-17,134.20162963867188,96.05000305175781,159.49525451660156,133.0116424560547,134.7250518798828,235.56361389160156,17.68750762939453,131.49000549316406,103.7081298828125
2023-01-18,133.48095703125,95.45999908447266,157.08934020996094,129.015625,132.39602661132812,231.11404418945312,17.362775802612305,128.77999877929688,101.57758331298828
2023-01-19,133.54017639160156,93.68000030517578,156.87648010253906,127.2962875366211,135.51132202148438,227.311279296875,16.751272201538086,127.16999816894531,102.22959899902344
2023-01-20,136.10694885253906,97.25,156.14544677734375,127.60800170898438,138.71621704101562,235.4362030029297,17.82439613342285,133.4199981689453,104.09383392333984
2023-01-23,139.30548095703125,97.5199966430664,155.74754333496094,129.6768798828125,142.5979461669922,237.7491912841797,19.17728614807129,143.75,103.55200958251953
2023-01-24,140.70730590820312,96.31999969482422,155.74754333496094,130.79159545898438,142.4685516357422,237.21995544433594,19.249225616455078,143.88999938964844,104.51626586914062
2023-01-25,140.04591369628906,97.18000030517578,156.8579559326172,131.42453002929688,140.83624267578125,235.81845092773438,19.307178497314453,144.42999267578125,103.96526336669922
2023-01-26,142.11907958984375,99.22000122070312,156.2842559814453,132.23695373535156,146.60902404785156,243.061279296875,19.785785675048828,160.27000427246094,108.14371490478516
2023-01-27,144.06385803222656,102.23999786376953,155.6735382080078,132.55819702148438,151.0281982421875,243.21807861328125,20.348325729370117,177.89999389648438,106.16927337646484
2023-01-30,141.1713409423828,100.55000305175781,149.9084930419922,131.4340057373047,146.37014770507812,237.8766326904297,19.146312713623047,166.66000366210938,104.28668975830078
2023-01-31,142.44482421875,103.12999725341797,151.22251892089844,132.21807861328125,148.2711944580078,242.87503051757812,19.521007537841797,173.22000122070312,106.53662109375
2023-02-01,143.5702362060547,105.1500015258789,152.6105499267578,131.86856079101562,152.40171813964844,247.71669006347656,20.92585563659668,181.41000366210938,105.37032318115234
2023-02-02,148.89132690429688,112.91000366210938,153.1842803955078,131.25453186035156,187.88450622558594,259.3306884765625,21.69122314453125,188.27000427246094,102.073486328125
2023-02-03,152.52426147460938,103.38999938964844,152.32371520996094,133.28558349609375,185.65501403808594,253.2051544189453,21.082727432250977,189.97999572753906,102.78060150146484
2023-02-06,149.78968811035156,102.18000030517578,151.1669921875,134.0696563720703,185.18719482421875,251.65660095214844,21.071733474731445,194.75999450683594,102.60612487792969
2023-02-07,152.67234802246094,102.11000061035156,151.20401000976562,135.70396423339844,190.72113037109375,262.2318115234375,22.15484619140625,196.80999755859375,105.53562927246094
2023-02-08,149.9772491455078,100.05000305175781,151.39834594726562,134.74984741210938,182.5695343017578,261.4183044433594,22.18682098388672,201.2899932861328,104.61727142333984
2023-02-09,148.94068908691406,98.23999786376953,149.35328674316406,132.6526336669922,177.08538818359375,258.3701477050781,22.31871223449707,207.32000732421875,105.01216125488281
2023-02-10,149.3065185546875,97.61000061035156,150.0473175048828,133.2383575439453,173.3330841064453,257.860595703125,21.247587203979492,196.88999938964844,109.43856811523438
2023-02-13,152.11448669433594,99.54000091552734,150.6025390625,134.68373107910156,178.58831787109375,265.9168701171875,21.770160675048828,194.63999938964844,109.01287078857422
2023-02-14,151.47183227539062,99.69999694824219,149.94552612304688,135.27886962890625,178.63807678222656,266.74993896484375,22.952192306518555,209.25,107.73580932617188
2023-02-15,153.57781982421875,101.16000366210938,147.4748077392578,135.84567260742188,176.32896423339844,264.6178283691406,22.745363235473633,214.24000549316406,107.41191864013672
2023-02-16,151.97605895996094,98.1500015258789,146.42916870117188,133.97520446777344,171.631103515625,257.572998046875,21.983985900878906,202.0399932861328,107.09728240966797
2023-02-17,150.8291473388672,97.19999694824219,149.4861602783203,134.3719482421875,172.0690460205078,253.5543975830078,21.3704891204834,208.30999755859375,102.9792251586914
2023-02-21,146.8050537109375,94.58000183105469,147.2586669921875,131.9063262939453,171.27281188964844,248.25852966308594,20.638090133666992,197.3699951171875,102.87742614746094
2023-02-22,147.23019409179688,95.79000091552734,147.05360412597656,130.89552307128906,170.31729125976562,247.1187744140625,20.73700523376465,200.86000061035156,101.54485321044922
2023-02-23,147.7146759033203,95.81999969482422,147.00701904296875,131.94415283203125,171.2329559326172,250.32188415527344,23.644624710083008,202.07000732421875,102.4794921875
2023-02-24,145.05502319335938,93.5,145.3666534423828,133.1343994140625,169.59071350097656,244.8687744140625,23.26693344116211,196.8800048828125,102.48876190185547
2023-02-27,146.25135803222656,93.76000213623047,145.0497589111328,134.29638671875,168.74468994140625,245.7923583984375,23.48175811767578,207.6300048828125,102.30368041992188
2023-02-28,145.7471160888672,94.2300033569336,142.8408966064453,135.42054748535156,174.119384765625,245.0652618408203,23.196990966796875,205.7100067138672,101.71141815185547
2023-03-01,143.67080688476562,92.16999816894531,142.19778442382812,134.66482543945312,172.60650634765625,241.97030639648438,22.679414749145508,202.77000427246094,102.61832427978516
2023-03-02,144.26405334472656,92.12999725341797,142.08595275878906,133.2666778564453,173.71128845214844,246.7257843017578,23.29491424560547,190.89999389648438,103.09027862548828
2023-03-03,149.32627868652344,94.9000015258789,143.54920959472656,135.7134246826172,184.38101196289062,250.83277893066406,23.870439529418945,197.7899932861328,104.39510345458984
2023-03-06,152.09471130371094,93.75,144.98452758789062,134.9198760986328,184.03265380859375,252.38519287109375,23.53471565246582,193.80999755859375,105.32051086425781
2023-03-07,149.88987731933594,93.55000305175781,143.6144561767578,130.95220947265625,183.6444854736328,249.71270751953125,23.272886276245117,187.7100067138672,103.28462219238281
2023-03-08,151.14552307128906,93.91999816894531,142.561279296875,130.1775665283203,184.1023406982422,249.27053833007812,24.165307998657227,182.0,101.77619934082031
2023-03-09,148.8912353515625,92.25,140.95822143554688,123.1302261352539,180.83773803710938,247.91465759277344,23.42078971862793,172.9199981689453,100.9896011352539
2023-03-10,146.82481384277344,90.7300033569336,141.30308532714844,126.25711822509766,178.66793823242188,244.24977111816406,22.950096130371094,173.44000244140625,99.74031066894531
2023-03-13,148.77259826660156,92.43000030517578,142.6544952392578,123.98986053466797,180.05140686035156,249.48670959472656,22.951095581054688,174.47999572753906,98.59280395507812
2023-03-14,150.86868286132812,94.87999725341797,143.4560089111328,127.1734619140625,193.10987854003906,256.2367858886719,24.047380447387695,183.25999450683594,98.96296691894531
2023-03-15,151.26417541503906,96.19999694824219,143.85679626464844,121.16526794433594,196.82235717773438,260.8055725097656,24.2122745513916,180.4499969482422,94.0398178100586
2023-03-16,154.0919189453125,100.04000091552734,143.55853271484375,123.51753234863281,203.96868896484375,271.3777770996094,25.524425506591797,184.1300048828125,93.49381256103516
2023-03-17,153.25152587890625,98.94999694824219,142.02072143554688,118.85079193115234,194.69241333007812,274.55126953125,25.708301544189453,180.1300048828125,92.392578125
2023-03-20,155.62440490722656,97.70999908447266,143.4280548095703,120.10722351074219,196.88211059570312,267.47705078125,25.883190155029297,183.25,94.80789184570312
2023-03-21,157.48324584960938,100.61000061035156,143.4280548095703,123.32859802246094,201.21168518066406,268.9999694824219,26.181995391845703,197.5800018310547,99.0555191040039
2023-03-22,156.0496063232422,98.69999694824219,140.78114318847656,120.14501953125,198.87269592285156,267.5359802246094,26.450820922851562,191.14999389648438,96.78826141357422
2023-03-23,157.13717651367188,98.70999908447266,140.855712890625,119.82380676269531,203.3217315673828,272.8122253417969,27.173351287841797,192.22000122070312,95.69628143310547
2023-03-24,158.44229125976562,98.12999725341797,142.27236938476562,118.0005874633789,205.04360961914062,275.67144775390625,26.76161766052246,190.41000366210938,95.80731964111328
2023-03-27,156.4945068359375,98.04000091552734,142.878173828125,121.38255310058594,201.88848876953125,271.5545654296875,26.51378059387207,191.80999755859375,97.90799713134766
2023-03-28,155.87161254882812,97.23999786376953,141.49876403808594,121.7509765625,199.73863220214844,270.4246826171875,26.392860412597656,189.19000244140625,99.12955474853516
2023-03-29,158.9564208984375,100.25,142.88748168945312,121.9966049194336,204.38673400878906,275.612548828125,26.966482162475586,193.8800048828125,100.83228302001953
2023-03-30,160.5284881591797,102.0,142.9993438720703,121.62816619873047,206.86505126953125,279.0906066894531,27.36522674560547,195.27999877929688,101.32274627685547
2023-03-31,163.03982543945312,103.29000091552734,144.46258544921875,123.10187530517578,210.94581604003906,283.2664489746094,27.75897216796875,207.4600067138672,101.48007202148438
2023-04-03,164.29550170898438,102.41000366210938,146.18685913085938,122.96016693115234,212.07052612304688,282.21514892578125,27.946847915649414,194.77000427246094,107.46744537353516
2023-04-04,163.7615966796875,103.94999694824219,147.71533203125,121.31642150878906,213.71278381347656,282.1659851074219,27.435182571411133,192.5800018310547,106.44024658203125
2023-04-05,161.9126739501953,101.0999984741211,154.35130310058594,121.49732208251953,210.48794555664062,279.3755798339844,26.863554000854492,185.52000427246094,108.2633056640625
2023-04-06,162.80252075195312,102.05999755859375,153.92254638671875,121.36402130126953,215.0863037109375,286.5089111328125,27.019454956054688,185.05999755859375,106.46800994873047
2023-04-10,160.2021942138672,102.16999816894531,153.14903259277344,121.76390075683594,213.74261474609375,284.3374938964844,27.56110191345215,184.50999450683594,105.99605560302734
2023-04-11,158.986083984375,99.91999816894531,153.10240173339844,122.36371612548828,212.8468475341797,277.8919677734375,27.151369094848633,186.7899932861328,106.7456283569336
2023-04-12,158.29397583007812,97.83000183105469,152.7761993408203,122.34468078613281,212.99615478515625,278.5404357910156,26.477802276611328,180.5399932861328,106.63458251953125
2023-04-13,163.6923828125,102.4000015258789,154.8173065185547,122.81121063232422,219.3163604736328,284.779541015625,26.445823669433594,185.89999389648438,107.13430786132812
2023-04-14,163.34632873535156,102.51000213623047,154.565673828125,132.08465576171875,220.4510040283203,281.1441955566406,26.740633010864258,185.0,107.39341735839844
2023-04-17,163.36610412597656,102.73999786376953,154.40724182128906,133.13194274902344,217.83335876464844,283.7577209472656,26.984477996826172,187.0399932861328,106.14411163330078
2023-04-18,164.59213256835938,102.30000305175781,150.06399536132812,134.6267547607422,216.86788940429688,283.335205078125,27.649045944213867,184.30999755859375,108.21703338623047
2023-04-19,165.7390594482422,104.30000305175781,151.4806671142578,134.45538330078125,214.6881866455078,283.4139099121094,27.91286849975586,180.58999633789062,107.8746337890625
2023-04-20,164.77008056640625,103.80999755859375,152.4593048095703,134.0650177001953,212.07052612304688,281.1146240234375,27.086408615112305,162.99000549316406,107.01399993896484
2023-04-21,163.15847778320312,106.95999908447266,151.6298065185547,133.8079376220703,211.89134216308594,280.77081298828125,27.101396560668945,165.0800018310547,107.35640716552734
2023-04-24,163.4649658203125,106.20999908447266,152.55250549316406,133.9888458251953,211.7917938232422,276.8504638671875,27.024450302124023,162.5500030517578,109.3830337524414
2023-04-25,161.92259216308594,102.56999969482422,153.95053100585938,131.07542419433594,206.57640075683594,270.6113586425781,26.223966598510742,160.6699981689453,107.82836151123047
2023-04-26,161.9126739501953,104.9800033569336,151.5645751953125,128.75228881835938,208.417724609375,290.2130126953125,26.93850326538086,153.75,106.83816528320312
2023-04-27,166.51023864746094,109.81999969482422,151.9187469482422,130.48512268066406,237.44094848632812,299.5078430175781,27.208330154418945,160.19000244140625,108.11524200439453
2023-04-28,167.76593017578125,105.44999694824219,152.5711212158203,131.6181182861328,239.1927032470703,301.8954162597656,27.73099136352539,164.30999755859375,109.5125961303711
2023-05-01,167.67691040039062,102.05000305175781,152.47796630859375,134.43634033203125,242.0392608642578,300.22509765625,28.891237258911133,161.8300018310547,106.11636352539062
2023-05-02,166.63877868652344,103.62999725341797,153.8107147216797,132.2655487060547,238.11776733398438,300.0777282714844,28.191686630249023,160.30999755859375,101.88725280761719
2023-05-03,165.56106567382812,103.6500015258789,151.79757690429688,129.46636962890625,235.91812133789062,299.0853271484375,27.783954620361328,160.61000061035156,99.87911224365234
2023-05-04,163.91978454589844,104.0,151.1078643798828,127.69548797607422,232.42457580566406,300.0777282714844,27.544111251831055,161.1999969482422,98.13009643554688
2023-05-05,171.61203002929688,105.66000366210938,151.6204833984375,130.18997192382812,231.68804931640625,305.2262268066406,28.661386489868164,170.05999755859375,100.57316589355469
2023-05-08,171.54281616210938,105.83000183105469,151.275634765625,130.50416564941406,232.17576599121094,303.2611999511719,29.132078170776367,171.7899932861328,100.97109985351562
2023-05-09,169.83233642578125,106.62000274658203,150.10130310058594,129.8757781982422,232.2752685546875,301.6399230957031,28.55245590209961,169.14999389648438,100.99886322021484
2023-05-10,171.60214233398438,110.19000244140625,150.66050720214844,129.9424285888672,231.9866485595703,306.85723876953125,28.866254806518555,168.5399932861328,99.70327758789062
2023-05-11,171.79000854492188,112.18000030517578,150.04537963867188,129.53302001953125,234.6839141845703,304.6956787109375,28.559450149536133,172.0800018310547,97.89875793457031
2023-05-12,170.8593292236328,110.26000213623047,149.84963989257812,127.67644500732422,232.71322631835938,303.5756530761719,28.32160758972168,167.97999572753906,97.88948822021484
2023-05-15,170.36427307128906,111.19999694824219,148.70327758789062,128.75228881835938,237.73953247070312,304.0569763183594,28.934207916259766,166.35000610351562,98.07617950439453
2023-05-16,170.36427307128906,113.4000015258789,148.50753784179688,127.8858871459961,237.69973754882812,306.29718017578125,29.194040298461914,166.52000427246094,95.69590759277344
2023-05-17,170.97813415527344,115.5,148.18138122558594,131.81805419921875,241.35252380371094,309.192138671875,30.15841293334961,173.86000061035156,97.84281921386719
2023-05-18,173.31471252441406,118.1500015258789,147.70602416992188,132.8177490234375,245.6920623779297,313.6429443359375,31.657438278198242,176.88999938964844,98.72958374023438
2023-05-19,173.42364501953125,116.25,148.10678100585938,132.51307678222656,244.4877471923828,313.4657287597656,31.243709564208984,180.13999938964844,99.18696594238281
2023-05-22,172.47314453125,115.01000213623047,147.30859375,131.41819763183594,247.1551513671875,316.26226806640625,31.155763626098633,188.8699951171875,97.98283386230469
2023-05-23,169.85931396484375,114.98999786376953,147.2522430419922,130.04713439941406,245.5825653076172,310.4328918457031,30.66808319091797,185.77000427246094,99.31764221191406
2023-05-24,170.13653564453125,116.75,147.11138916015625,128.85704040527344,248.04098510742188,309.0444641113281,30.51818084716797,182.89999389648438,100.42843627929688
2023-05-25,171.275146484375,115.0,144.99851989746094,129.17123413085938,251.50466918945312,320.9296875,37.955345153808594,184.47000122070312,98.62690734863281
2023-05-26,173.69094848632812,120.11000061035156,144.9421844482422,130.38040161132812,260.8108215332031,327.79296875,38.92072296142578,193.1699981689453,97.98283386230469
2023-05-30,175.5424346923828,121.66000366210938,144.96095275878906,130.87548828125,261.2885437011719,326.13861083984375,40.08496856689453,201.16000366210938,97.11473846435547
2023-05-31,175.49293518066406,120.58000183105469,145.60891723632812,129.20933532714844,263.478271484375,323.36187744140625,37.809444427490234,203.92999267578125,95.3785400390625
2023-06-01,178.30477905273438,122.7699966430664,145.12060546875,130.98976135253906,271.33123779296875,327.4877014160156,39.74419403076172,207.52000427246094,96.4800033569336
2023-06-02,179.15621948242188,124.25,147.40249633789062,133.74130249023438,271.33123779296875,330.2644958496094,39.30147171020508,213.97000122070312,98.72025299072266
2023-06-05,177.79983520507812,125.30000305175781,148.6702117919922,132.42739868164062,270.1169738769531,330.7962646484375,39.14558029174805,217.61000061035156,98.28153991699219
2023-06-06,177.43348693847656,126.61000061035156,148.53872680664062,132.66543579101562,269.8481750488281,328.5708923339844,38.62891387939453,221.30999755859375,99.08428192138672
2023-06-07,176.05728149414062,121.2300033569336,148.85801696777344,133.9507598876953,262.36346435546875,318.4285583496094,37.45454788208008,224.57000732421875,101.30585479736328
2023-06-08,178.78001403808594,124.25,150.491943359375,133.9888458251953,263.3388671875,320.2797546386719,38.488990783691406,234.86000061035156,100.98848724365234
2023-06-09,179.16615295410156,123.43000030517578,150.25717163085938,134.2554473876953,263.7071838378906,321.786376953125,38.74884796142578,244.39999389648438,100.24176025390625
2023-06-12,181.96810913085938,126.56999969482422,150.15390014648438,134.2459259033203,269.7785339355469,326.7688903808594,39.46045684814453,249.8300018310547,99.33631896972656
2023-06-13,181.4928436279297,126.66000366210938,150.94271850585938,135.2170867919922,270.0472717285156,329.1715087890625,40.99961853027344,258.7099914550781,99.35498809814453
2023-06-14,182.12652587890625,126.41999816894531,151.7127227783203,134.71243286132812,272.0677490234375,332.1748352050781,42.973541259765625,256.7900085449219,98.16019439697266
2023-06-15,184.16607666015625,127.11000061035156,153.75047302246094,136.23580932617188,280.5079040527344,342.7700500488281,42.629730224609375,255.89999389648438,98.84159851074219
2023-06-16,183.08688354492188,125.48999786376953,154.22000122070312,136.39764404296875,279.68182373046875,337.08837890625,42.66870880126953,260.5400085449219,98.13217163085938
2023-06-20,183.1759796142578,125.77999877929688,154.12608337402344,135.70263671875,282.9961853027344,332.8739318847656,43.78409194946289,274.45001220703125,95.88260650634766
2023-06-21,182.1364288330078,124.83000183105469,153.89132690429688,135.502685546875,280.31884765625,328.4527282714844,43.021514892578125,259.4599914550781,96.95606231689453
2023-06-22,185.14627075195312,130.14999389648438,155.5252685546875,132.89395141601562,283.54364013671875,334.50848388671875,43.00152587890625,264.6099853515625,96.42399597167969
2023-06-23,184.8294219970703,129.3300018310547,155.39381408691406,132.19891357421875,287.3756103515625,329.89031982421875,42.185970306396484,256.6000061035156,95.58390808105469
2023-06-26,183.4334259033203,127.33000183105469,153.65655517578125,132.52259826660156,277.1637268066406,323.5686340332031,40.60982894897461,241.0500030517578,97.34809112548828
2023-06-27,186.1957550048828,129.17999267578125,153.33729553222656,132.53213500976562,285.7034606933594,329.44720458984375,41.853153228759766,250.2100067138672,97.5907974243164
2023-06-28,187.37396240234375,129.0399932861328,153.02740478515625,131.9513702392578,283.95172119140625,330.7076416015625,41.09457015991211,256.239990234375,98.38420104980469
2023-06-29,187.71060180664062,127.9000015258789,154.0979461669922,136.55950927734375,280.2093811035156,329.9198303222656,40.79972457885742,257.5,99.5976791381836
2023-06-30,192.0471649169922,130.36000061035156,155.43136596679688,138.47323608398438,285.6338195800781,335.3258056640625,42.2789192199707,261.7699890136719,100.111083984375
2023-07-03,190.55213928222656,130.22000122070312,153.3936309814453,139.5872039794922,284.67828369140625,332.8148498535156,42.38985824584961,279.82000732421875,100.30709075927734
2023-07-05,189.43333435058594,130.3800048828125,152.8865509033203,138.6573028564453,292.9891662597656,332.9723815917969,42.293914794921875,282.4800109863281,99.79370880126953
2023-07-06,189.9085693359375,128.36000061035156,151.7502899169922,137.28648376464844,290.6202697753906,336.0446472167969,42.08002853393555,276.5400085449219,96.06929016113281
2023-07-07,188.789794921875,129.77999877929688,149.54351806640625,138.3697052001953,289.1671447753906,332.0566711425781,42.47981262207031,274.42999267578125,96.29331970214844
2023-07-10,186.74029541015625,127.12999725341797,149.7876434326172,139.14622497558594,292.7204284667969,326.7491760253906,42.156982421875,269.6099853515625,97.72147369384766
2023-07-11,186.21556091308594,128.77999877929688,148.96133422851562,141.3223114013672,296.8907775878906,327.3793640136719,42.38186264038086,269.7900085449219,98.9162826538086
2023-07-12,187.88880920410156,130.8000030517578,148.44483947753906,142.02210998535156,307.8889465332031,332.0369567871094,43.87804412841797,271.989990234375,99.40166473388672
2023-07-13,188.6511688232422,134.3000030517578,149.13035583496094,142.7123260498047,311.9398498535156,337.413330078125,45.95191955566406,277.8999938964844,97.58145141601562
2023-07-14,188.7996826171875,134.67999267578125,150.12570190429688,143.57513427734375,307.421142578125,339.95379638671875,45.444190979003906,281.3800048828125,94.2210922241211
2023-07-17,192.0669708251953,133.55999755859375,149.37449645996094,147.03579711914062,309.1629333496094,340.4363708496094,46.435646057128906,290.3800048828125,94.63179016113281
2023-07-18,191.8095245361328,132.8300018310547,149.3651123046875,147.30422973632812,310.5862121582031,353.98565673828125,47.46808624267578,293.3399963378906,94.20242309570312
2023-07-19,193.1659698486328,135.36000061035156,149.0646209716797,147.86981201171875,314.5276794433594,349.6431884765625,47.05131149291992,291.260009765625,94.85582733154297
2023-07-20,191.21551513671875,129.9600067138672,158.11705017089844,149.69122314453125,301.1009521484375,341.55889892578125,45.49516296386719,262.8999938964844,96.52667236328125
2023-07-21,190.0373077392578,130.0,159.8167266845703,148.54086303710938,292.879638671875,338.50634765625,44.28482437133789,260.0199890136719,96.9747314453125
2023-07-24,190.83924865722656,128.8000030517578,160.65245056152344,151.46470642089844,290.2420349121094,339.82586669921875,44.5876579284668,269.05999755859375,98.49623107910156
2023-07-25,191.7006378173828,129.1300048828125,161.88262939453125,150.33351135253906,293.0886535644531,345.6059875488281,45.654075622558594,265.2799987792969,98.64557647705078
2023-07-26,192.57191467285156,128.14999389648438,162.1925048828125,151.234619140625,297.1694641113281,332.59820556640625,45.42720413208008,264.3500061035156,98.0948486328125
2023-07-27,191.30459594726562,128.25,163.10340881347656,149.5666046142578,310.2478332519531,325.65618896484375,45.87495803833008,255.7100067138672,98.40288543701172
2023-07-28,193.88873291015625,132.2100067138672,163.84523010253906,150.4197998046875,323.9532165527344,333.1889953613281,46.72449493408203,266.44000244140625,97.22674560546875
2023-07-31,194.50259399414062,133.67999267578125,157.31884765625,151.42637634277344,317.10546875,330.77655029296875,46.70349884033203,267.42999267578125,100.10174560546875
2023-08-01,193.67091369628906,131.69000244140625,158.595947265625,150.67860412597656,321.1961975097656,331.19012451171875,46.48162078857422,261.07000732421875,99.52299499511719
2023-08-02,190.6709442138672,128.2100067138672,159.55380249023438,148.9722442626953,312.8356018066406,322.4854431152344,44.244850158691406,254.11000061035156,98.28153991699219
2023-08-03,189.27491760253906,128.91000366210938,160.2393035888672,149.88294982910156,311.7208557128906,321.6583251953125,44.4907112121582,259.32000732421875,99.98971557617188
2023-08-04,180.18592834472656,139.57000732421875,158.73680114746094,149.5666046142578,309.2723693847656,322.76116943359375,44.65562057495117,253.86000061035156,100.2697525024414
2023-08-07,177.0770721435547,142.22000122070312,162.5493621826172,150.27598571777344,315.0750427246094,325.0555419921875,45.39221954345703,251.4499969482422,100.06439971923828
2023-08-08,178.01763916015625,139.94000244140625,162.62448120117188,149.43238830566406,311.1734313964844,321.05767822265625,44.63964080810547,249.6999969482422,100.55912017822266
2023-08-09,176.423583984375,137.85000610351562,162.5211944580078,147.4288330078125,303.77825927734375,317.29620361328125,42.530784606933594,242.19000244140625,102.26729583740234
2023-08-10,176.20574951171875,138.55999755859375,161.67604064941406,147.20835876464844,304.3058166503906,317.9854431152344,42.36487579345703,245.33999633789062,102.79003143310547
2023-08-11,176.2652587890625,138.41000366210938,163.2536163330078,148.06155395507812,300.2250671386719,316.0948486328125,40.83271026611328,242.64999389648438,104.38619995117188
2023-08-14,177.92095947265625,140.57000732421875,162.86863708496094,148.36830139160156,304.7537536621094,319.0784606933594,43.729129791259766,239.75999450683594,104.47022247314453
2023-08-15,175.92816162109375,137.6699981689453,162.39910888671875,144.59129333496094,300.5335998535156,316.93182373046875,43.9160270690918,232.9600067138672,101.78812408447266
2023-08-16,175.0557403564453,135.07000732421875,161.88262939453125,143.97775268554688,292.9095153808594,316.1622314453125,43.46227264404297,225.60000610351562,100.0753402709961
2023-08-17,172.50778198242188,133.97999572753906,163.4038848876953,142.48228454589844,283.752685546875,312.6887512207031,43.32034683227539,219.22000122070312,102.01396942138672
2023-08-18,172.99359130859375,133.22000122070312,161.97653198242188,142.8082275390625,281.9212951660156,312.2940368652344,43.27537155151367,215.49000549316406,103.55736541748047
2023-08-21,174.3319549560547,134.67999267578125,157.1498260498047,143.29710388183594,288.5401306152344,317.6225891113281,46.941375732421875,231.27999877929688,102.30570220947266
2023-08-22,175.71006774902344,134.25,155.90090942382812,140.32533264160156,286.2508850097656,318.1949462890625,45.6430778503418,233.19000244140625,101.73164367675781
2023-08-23,179.5666961669922,135.52000427246094,154.50172424316406,141.2743682861328,292.8597412109375,322.6748962402344,47.090293884277344,236.86000061035156,100.83763122558594
2023-08-24,174.8673553466797,131.83999633789062,155.02755737304688,141.14019775390625,285.4049072265625,315.7378234863281,47.137264251708984,230.0399932861328,100.08473205566406
2023-08-25,177.07826232910156,133.25999450683594,157.25033569335938,140.9676513671875,284.1607360839844,318.70806884765625,45.99289321899414,238.58999633789062,101.87281036376953
2023-08-28,178.64468383789062,133.13999938964844,155.39645385742188,141.45652770996094,288.8984375,319.41851806640625,46.809444427490234,238.82000732421875,102.72920227050781
2023-08-29,182.54098510742188,134.91000366210938,155.41537475585938,142.6068878173828,296.59210205078125,324.06622314453125,48.757381439208984,257.17999267578125,103.34091186523438
2023-08-30,186.0406951904297,135.07000732421875,154.8667755126953,142.0316925048828,293.7157287597656,324.4411926269531,49.23712158203125,256.8999938964844,104.34788513183594
2023-08-31,186.25881958007812,138.00999450683594,152.92774963378906,140.27740478515625,294.50201416015625,323.4248046875,49.32807540893555,258.0799865722656,104.63961029052734
2023-09-01,187.83518981933594,138.1199951171875,151.79269409179688,140.7471466064453,294.98974609375,324.31292724609375,48.4825325012207,245.00999450683594,106.83234405517578
2023-09-05,188.07310485839844,137.27000427246094,151.9818572998047,139.19415283203125,298.7420349121094,329.1382141113281,48.521507263183594,256.489990234375,106.84175872802734
2023-09-06,181.3413543701172,135.36000061035156,149.45640563964844,138.96408081054688,297.7666320800781,328.47711181640625,47.03919982910156,251.9199981689453,107.76402282714844
2023-09-07,176.03726196289062,137.85000610351562,151.36705017089844,137.77536010742188,297.26898193359375,325.5464172363281,46.21957778930664,251.49000549316406,107.23701477050781
2023-09-08,176.65191650390625,138.22999572753906,151.86834716796875,137.88084411621094,296.49267578125,329.84869384765625,45.55088806152344,248.5,108.79922485351562
2023-09-11,177.82179260253906,143.10000610351562,153.85470581054688,138.48477172851562,306.1172790527344,333.4701843261719,45.157066345214844,273.5799865722656,107.43465423583984
2023-09-12,174.78805541992188,141.22999572753906,154.72488403320312,140.2869873046875,300.24493408203125,327.3817443847656,44.849212646484375,267.4800109863281,110.56847381591797
2023-09-13,172.7159881591797,144.85000610351562,155.11270141601562,140.35409545898438,303.6289978027344,331.6150207519531,45.463932037353516,271.29998779296875,109.58032989501953
2023-09-14,174.23287963867188,144.72000122070312,154.87623596191406,143.07662963867188,310.25775146484375,334.22015380859375,45.55988693237305,276.0400085449219,111.53778839111328
2023-09-15,173.50909423828125,140.38999938964844,152.71018981933594,142.65481567382812,298.9012756347656,325.852294921875,43.879661560058594,274.3900146484375,109.82501220703125
2023-09-18,176.44371032714844,139.97999572753906,153.67498779296875,142.95201110839844,301.1307678222656,324.7076416015625,43.94562911987305,265.2799987792969,110.70962524414062
2023-09-19,177.5343017578125,137.6300048828125,153.41958618164062,142.76986694335938,303.6389465332031,324.30303955078125,43.49983596801758,266.5,110.41790008544922
2023-09-20,173.9849853515625,135.2899932861328,154.09117126464844,142.1659393310547,298.2643127441406,316.52728271484375,42.21943283081055,262.5899963378906,109.54268646240234
2023-09-21,172.43836975097656,129.3300018310547,152.90882873535156,141.05389404296875,294.3427734375,315.3036804199219,40.99799346923828,255.6999969482422,107.99929809570312
2023-09-22,173.2909698486328,129.1199951171875,151.81161499023438,139.7022247314453,297.6770324707031,312.8170166015625,41.590721130371094,244.8800048828125,108.16869354248047
2023-09-25,174.56993103027344,131.27000427246094,151.5845947265625,140.39242553710938,299.4188232421875,313.3399963378906,42.20243835449219,246.99000549316406,109.38270568847656
2023-09-26,170.4852752685547,125.9800033569336,150.4117431640625,138.93531799316406,297.5575866699219,308.0114440917969,41.89158248901367,244.1199951171875,109.55209350585938
2023-09-27,168.9683837890625,125.9800033569336,148.60511779785156,139.75015258789062,296.34332275390625,308.65283203125,42.448326110839844,240.5,113.11882781982422
2023-09-28,169.2261505126953,125.9800033569336,148.38758850097656,141.48529052734375,302.5341796875,309.4916076660156,43.06903839111328,246.3800048828125,112.43183135986328
2023-09-29,169.74171447753906,127.12000274658203,147.31875610351562,139.02159118652344,298.80169677734375,311.57366943359375,43.47885513305664,250.22000122070312,110.65316772460938
2023-10-02,172.2599334716797,129.4600067138672,146.75120544433594,137.8232879638672,305.3807373046875,317.54364013671875,44.761253356933594,251.60000610351562,108.81804656982422
2023-10-03,170.9215087890625,124.72000122070312,146.9309539794922,136.8071746826172,299.5283203125,309.2449035644531,43.49683380126953,246.52999877929688,109.00626373291016
2023-10-04,172.17066955566406,127.0,147.10121154785156,137.42066955566406,304.14654541015625,314.7412109375,44.020599365234375,261.1600036621094,104.93135070800781
2023-10-05,173.4099578857422,125.95999908447266,148.6334991455078,138.00009155273438,303.3602600097656,315.1358947753906,44.66729736328125,260.04998779296875,102.5692138671875
2023-10-06,175.9678497314453,127.95999908447266,149.10641479492188,140.12464904785156,313.9503479003906,322.9314270019531,45.74079895019531,260.5299987792969,100.85643768310547
2023-10-09,177.45498657226562,128.25999450683594,149.9577178955078,139.80599975585938,316.8665771484375,325.4575500488281,45.25202560424805,259.6700134277344,104.38551330566406
2023-10-10,176.86012268066406,129.47999572753906,149.78746032714844,140.65579223632812,320.3302917480469,324.0465087890625,45.77678298950195,263.6199951171875,103.94320678710938
2023-10-11,178.25804138183594,131.8300018310547,147.72544860839844,141.13865661621094,326.2822265625,328.023193359375,46.7843132019043,262.989990234375,100.21649932861328
2023-10-12,179.16024780273438,132.3300018310547,147.8673553466797,140.81031799316406,322.6393737792969,326.77984619140625,46.923248291015625,258.8699951171875,100.19767761230469
2023-10-13,177.31617736816406,129.7899932861328,148.3592071533203,142.92523193359375,313.21380615234375,323.39520263671875,45.43993377685547,251.1199951171875,103.39737701416016
2023-10-16,177.18728637695312,132.5500030517578,149.0023956298828,142.78036499023438,319.6435241699219,328.24029541015625,46.073646545410156,253.9199981689453,103.47264862060547
2023-10-17,175.63075256347656,131.47000122070312,147.64035034179688,142.47132873535156,322.4801330566406,327.6679382324219,43.91764831542969,254.85000610351562,104.82783508300781
2023-10-18,174.3319549560547,128.1300048828125,144.4622344970703,140.90692138671875,315.4831237792969,325.7437438964844,42.17645263671875,242.67999267578125,106.29591369628906
2023-10-19,173.9552764892578,128.39999389648438,144.074462890625,140.30812072753906,311.3426208496094,326.937744140625,42.08149719238281,220.11000061035156,106.36180877685547
2023-10-20,171.3973846435547,125.16999816894531,144.71762084960938,138.0483856201172,307.2021484375,322.3492431640625,41.367828369140625,211.99000549316406,104.53608703613281
2023-10-23,171.51632690429688,126.55999755859375,143.1947784423828,136.16525268554688,312.5370178222656,324.96417236328125,42.9550895690918,212.0800018310547,103.00210571289062
2023-10-24,171.95257568359375,128.55999755859375,143.0434112548828,136.3294219970703,311.08380126953125,326.1581726074219,43.64277267456055,216.52000427246094,102.00455474853516
2023-10-25,169.63265991210938,121.38999938964844,143.3650360107422,135.58580017089844,298.1249084472656,336.1640930175781,41.7596435546875,212.4199981689453,102.19278717041016
2023-10-26,165.45875549316406,119.56999969482422,140.93414306640625,135.9334716796875,286.99737548828125,323.5531005859375,40.30731964111328,205.75999450683594,101.2611083984375
2023-10-27,166.77734375,127.73999786376953,137.7182159423828,131.03733825683594,295.33807373046875,325.44769287109375,40.481239318847656,207.3000030517578,99.33187103271484
2023-10-30,168.82958984375,132.7100067138672,139.07080078125,132.70799255371094,301.2402648925781,332.8485412597656,41.141929626464844,197.36000061035156,99.64244079589844
2023-10-31,169.30548095703125,133.08999633789062,140.30987548828125,134.29176330566406,299.85675048828125,333.637939453125,40.7611083984375,200.83999633789062,99.61418914794922
2023-11-01,172.47802734375,137.0,140.64093017578125,134.1759033203125,310.38714599609375,341.49261474609375,42.305397033691406,205.66000366210938,99.41656494140625
2023-11-02,176.0471649169922,138.07000732421875,142.10702514648438,136.5708465576172,309.4117431640625,343.7128601074219,43.48583984375,218.50999450683594,102.6821517944336
2023-11-03,175.13504028320312,138.60000610351562,143.14749145507812,138.09666442871094,313.1242980957031,348.13360595703125,44.98414993286133,219.9600067138672,101.43049621582031
2023-11-06,177.69290161132812,139.74000549316406,143.48797607421875,139.1396484375,314.318603515625,351.81427001953125,45.729801177978516,219.27000427246094,99.63302612304688
2023-11-07,180.26071166992188,142.7100067138672,142.73129272460938,139.072021484375,317.3244323730469,355.7613830566406,45.933712005615234,222.17999267578125,98.07080841064453
2023-11-08,181.321533203125,142.0800018310547,142.2110595703125,139.75767517089844,318.2799377441406,358.3960876464844,46.552425384521484,222.11000061035156,96.8662338256836
2023-11-09,180.8456573486328,140.60000610351562,139.43968200683594,139.34242248535156,319.04632568359375,355.9192810058594,46.928245544433594,209.97999572753906,96.89445495605469
2023-11-10,185.0448760986328,143.55999755859375,139.2788848876953,141.40904235839844,327.227783203125,364.7804870605469,48.31260681152344,214.64999389648438,97.6379165649414
2023-11-13,183.45651245117188,142.58999633789062,139.6383056640625,140.7813262939453,327.6458435058594,361.83001708984375,48.59747314453125,223.7100067138672,98.66371154785156
2023-11-14,186.07733154296875,145.8000030517578,139.6667022705078,143.35015869140625,334.7323913574219,365.3725280761719,49.632991790771484,237.41000366210938,99.0435791015625
2023-11-15,186.6431884765625,143.1999969482422,140.74497985839844,144.60557556152344,331.1492919921875,365.5208435058594,48.865352630615234,242.83999633789062,98.44528198242188
2023-11-16,188.33082580566406,142.8300018310547,141.974609375,146.25692749023438,332.62237548828125,371.9479064941406,49.45708465576172,233.58999633789062,97.30564880371094
2023-11-17,188.31097412109375,145.17999267578125,141.68136596679688,147.57997131347656,333.46832275390625,365.6988525390625,49.27516555786133,234.3000030517578,99.67987823486328
2023-11-20,190.05816650390625,146.1300048828125,142.930419921875,148.03384399414062,338.3752746582031,373.20367431640625,50.38564682006836,235.60000610351562,99.2430191040039
2023-11-21,189.25405883789062,143.89999389648438,144.0840606689453,147.7248077392578,335.3992614746094,368.8827209472656,49.920860290527344,241.1999969482422,99.20503234863281
2023-11-22,189.91917419433594,146.7100067138672,143.7980499267578,148.0724639892578,339.8880615234375,373.6090393066406,48.69342803955078,234.2100067138672,98.77766418457031
2023-11-24,188.5889434814453,146.74000549316406,145.3998260498047,148.27525329589844,336.6434020996094,373.1937561035156,47.75387191772461,235.4499969482422,99.30949401855469
2023-11-27,188.41024780273438,147.72999572753906,144.23658752441406,147.937255859375,333.12994384765625,374.36053466796875,48.21965026855469,236.0800018310547,98.73018646240234
2023-11-28,189.0157928466797,147.02999877929688,144.57032775878906,148.27525329589844,337.3998107910156,378.40460205078125,47.79884338378906,246.72000122070312,98.6731948852539
2023-11-29,187.99330139160156,146.32000732421875,145.02796936035156,149.02853393554688,330.64166259765625,374.59783935546875,48.11770248413086,244.13999938964844,97.19166564941406
2023-11-30,188.56907653808594,146.08999633789062,147.45924377441406,150.7281494140625,325.6153564453125,374.6571350097656,46.748329162597656,240.0800018310547,97.57154846191406
2023-12-01,189.84970092773438,147.02999877929688,151.00604248046875,151.46209716796875,323.29632568359375,370.3065490722656,46.74333190917969,238.8300018310547,97.8089828491211
2023-12-04,188.05287170410156,144.83999633789062,151.4827423095703,152.57266235351562,318.5188293457031,364.9967956542969,45.48891067504883,235.5800018310547,97.27715301513672
2023-12-05,192.01385498046875,146.8800048828125,151.16815185546875,152.55337524414062,316.7969055175781,368.3388671875,46.54852294921875,238.72000122070312,95.38726043701172
2023-12-06,190.92184448242188,144.52000427246094,149.32797241210938,150.95030212402344,315.9609375,364.6606140136719,45.48591613769531,239.3699951171875,94.1241683959961
2023-12-07,192.85768127441406,146.8800048828125,148.16477966308594,151.41380310058594,325.0579833984375,366.7865295410156,46.57851028442383,242.63999938964844,93.46887969970703
2023-12-08,194.28720092773438,147.4199981689453,147.2304229736328,153.08450317382812,331.1891174316406,370.0296936035156,47.48816680908203,243.83999633789062,94.54203796386719
2023-12-11,191.77560424804688,145.88999938964844,147.8406219482422,153.6446075439453,323.7541809082031,367.132568359375,46.6094970703125,239.74000549316406,94.60850524902344
2023-12-12,193.29449462890625,147.47999572753906,147.8501434326172,155.01593017578125,332.6522216796875,370.177978515625,47.63910675048828,237.00999450683594,93.11749267578125
2023-12-13,196.5208740234375,148.83999633789062,148.53663635253906,155.53741455078125,333.1697692871094,370.1681213378906,48.06995391845703,239.2899932861328,93.9437255859375
2023-12-14,196.66976928710938,147.4199981689453,149.56634521484375,158.366943359375,331.607177734375,361.8228454589844,48.33184814453125,251.0500030517578,96.46990966796875
2023-12-15,196.13368225097656,149.97000122070312,147.93597412109375,159.56442260742188,333.34893798828125,366.5690002441406,48.871646881103516,253.5,95.82412719726562
2023-12-18,194.46591186523438,154.07000732421875,148.2029266357422,160.53013610839844,343.0034484863281,368.4674072265625,50.05820083618164,252.0800018310547,96.5363998413086
2023-12-19,195.50827026367188,153.7899932861328,149.17544555664062,162.67401123046875,348.71649169921875,369.070556640625,49.58537673950195,257.2200012207031,97.8089828491211
2023-12-20,193.41360473632812,152.1199951171875,146.1339569091797,160.83917236328125,347.6415710449219,366.4601745605469,48.092933654785156,247.13999938964844,96.17549896240234
2023-12-21,193.26466369628906,153.83999633789062,147.63082885742188,161.756591796875,352.4289855957031,369.3474426269531,48.97161102294922,254.5,96.61236572265625
2023-12-22,192.1925506591797,153.4199981689453,148.22201538085938,161.66000366210938,351.7322998046875,370.3757629394531,48.81167221069336,252.5399932861328,96.78330993652344
2023-12-26,191.64657592773438,153.41000366210938,148.87033081054688,162.61607360839844,353.1654968261719,370.4548645019531,49.260498046875,256.6099853515625,97.00174713134766
2023-12-27,191.74581909179688,153.33999633789062,149.07057189941406,163.59144592285156,356.1514892578125,369.87152099609375,49.3984489440918,261.44000244140625,96.54589080810547
2023-12-28,192.17271423339844,153.3800048828125,149.2898406982422,164.46058654785156,356.63916015625,371.0679016113281,49.50341033935547,253.17999267578125,95.14984130859375
2023-12-29,191.1303253173828,151.94000244140625,149.44241333007812,164.26744079589844,352.299560546875,371.81939697265625,49.50341033935547,248.47999572753906,94.95039367675781
