Date,Close,High,Low,Open,Volume
2024-05-25,0.4620720148086548,0.46427100896835327,0.4581339955329895,0.45949798822402954,238476411
2024-05-26,0.4583750069141388,0.46236398816108704,0.45642998814582825,0.4620720148086548,225636000
2024-05-27,0.46796301007270813,0.4739989936351776,0.45719799399375916,0.4583750069141388,323304261
2024-05-28,0.45699000358581543,0.46843698620796204,0.45311498641967773,0.46796301007270813,418594476
2024-05-29,0.45099499821662903,0.46310698986053467,0.4509139955043793,0.45699000358581543,350482630
2024-05-30,0.44658100605010986,0.4545460045337677,0.4438070058822632,0.45099499821662903,356151973
2024-05-31,0.44746100902557373,0.4549570083618164,0.44446098804473877,0.44658100605010986,290913148
2024-06-01,0.44997501373291016,0.45258399844169617,0.44525399804115295,0.44746100902557373,167918462
2024-06-02,0.4464940130710602,0.4532549977302551,0.4424220025539398,0.44997599720954895,253094562
2024-06-03,0.45703598856925964,0.4623570144176483,0.44444501399993896,0.446494996547699,317221002
2024-06-04,0.46148499846458435,0.46518000960350037,0.4531109929084778,0.4570379853248596,309168258
2024-06-05,0.46117499470710754,0.464711993932724,0.45775699615478516,0.46148499846458435,300839736
2024-06-06,0.4581019878387451,0.46186500787734985,0.4523389935493469,0.46117499470710754,281512944
2024-06-07,0.44964298605918884,0.4884360134601593,0.4344229996204376,0.45809999108314514,864294102
2024-06-08,0.43657100200653076,0.4496389925479889,0.4334540069103241,0.4496389925479889,384756660
2024-06-09,0.44410601258277893,0.44571900367736816,0.43325701355934143,0.43655601143836975,331925354
2024-06-10,0.44046100974082947,0.4500879943370819,0.43602699041366577,0.4441010057926178,477499641
2024-06-11,0.4218910038471222,0.44093799591064453,0.41453099250793457,0.4404650032520294,600659902
2024-06-12,0.4377959966659546,0.4438050091266632,0.41599300503730774,0.42190098762512207,451504328
2024-06-13,0.4211849868297577,0.4386430084705353,0.41975298523902893,0.4378179907798767,385849589
2024-06-14,0.41168299317359924,0.4241209924221039,0.4034099876880646,0.42117801308631897,370827765
2024-06-15,0.41369500756263733,0.41505101323127747,0.4089049994945526,0.4116860032081604,209246354
2024-06-16,0.41637900471687317,0.41812801361083984,0.41010499000549316,0.41372400522232056,172902870
2024-06-17,0.40175798535346985,0.4199869930744171,0.393655002117157,0.41638800501823425,385694374
2024-06-18,0.3835799992084503,0.40221598744392395,0.36657699942588806,0.40172600746154785,593952964
2024-06-19,0.3837909996509552,0.3972490131855011,0.3809620141983032,0.3835650086402893,295424813
2024-06-20,0.38424399495124817,0.3967899978160858,0.3790139853954315,0.3837909996509552,286206619
2024-06-21,0.37605199217796326,0.39034199714660645,0.37460801005363464,0.3842479884624481,272257203
2024-06-22,0.38481199741363525,0.3895919919013977,0.37193700671195984,0.37605100870132446,241766850
2024-06-23,0.3803029954433441,0.3922950029373169,0.3803029954433441,0.3847939968109131,202392727
2024-06-24,0.3777649998664856,0.38089999556541443,0.36666300892829895,0.3802250027656555,385357807
2024-06-25,0.3918589949607849,0.39673399925231934,0.3773669898509979,0.37775498628616333,262214296
2024-06-26,0.38475000858306885,0.39453399181365967,0.38373300433158875,0.3918609917163849,258516129
2024-06-27,0.3907009959220886,0.393204003572464,0.3780690133571625,0.38475099205970764,254822331
2024-06-28,0.38542601466178894,0.39517098665237427,0.38519200682640076,0.3907090127468109,296816495
2024-06-29,0.38396498560905457,0.4020240008831024,0.38379499316215515,0.3854149878025055,230567794
2024-06-30,0.392192006111145,0.3932330012321472,0.3791939914226532,0.3839679956436157,194815973
2024-07-01,0.40290701389312744,0.4075619876384735,0.3914720118045807,0.39213499426841736,256575826
2024-07-02,0.4177750051021576,0.4187830090522766,0.4028500020503998,0.40287700295448303,260819618
2024-07-03,0.4067380130290985,0.42190998792648315,0.40129798650741577,0.4177840054035187,391834481
2024-07-04,0.36285901069641113,0.4126319885253906,0.36285901069641113,0.40672099590301514,575895856
2024-07-05,0.3498849868774414,0.3627130091190338,0.3209550082683563,0.3627130091190338,772752357
2024-07-06,0.37122100591659546,0.3729360103607178,0.3485420048236847,0.3499079942703247,288462471
2024-07-07,0.34661799669265747,0.37118399143218994,0.345892995595932,0.37118399143218994,254988837
2024-07-08,0.3690069913864136,0.3788749873638153,0.3333429992198944,0.3466449975967407,506143395
2024-07-09,0.375328004360199,0.3805429935455322,0.3637779951095581,0.3689649999141693,272785226
2024-07-10,0.38883501291275024,0.3896229863166809,0.3725129961967468,0.3753710091114044,251166038
2024-07-11,0.39581701159477234,0.4041309952735901,0.3856379985809326,0.38880300521850586,313288172
2024-07-12,0.4165239930152893,0.4176590144634247,0.3942590057849884,0.3958359956741333,354134954
2024-07-13,0.441415011882782,0.4451799988746643,0.412321001291275,0.41652700304985046,365695869
2024-07-14,0.43234801292419434,0.44449499249458313,0.42616501450538635,0.4414370059967041,355552828
2024-07-15,0.44558200240135193,0.44558200240135193,0.4321660101413727,0.4323689937591553,466472243
2024-07-16,0.43818899989128113,0.4521940052509308,0.42738598585128784,0.4454919993877411,485890791
2024-07-17,0.4367479979991913,0.4552229940891266,0.4367240071296692,0.43822601437568665,389017769
2024-07-18,0.42390599846839905,0.44866400957107544,0.42081400752067566,0.43669000267982483,338163499
2024-07-19,0.43903398513793945,0.4427649974822998,0.41593098640441895,0.42389801144599915,340393258
2024-07-20,0.43763700127601624,0.4416719973087311,0.42881301045417786,0.43903300166130066,250105075
2024-07-21,0.44607698917388916,0.4484730064868927,0.41895800828933716,0.43763700127601624,333865949
2024-07-22,0.42654699087142944,0.44940099120140076,0.42534399032592773,0.446056991815567,546207226
2024-07-23,0.41009700298309326,0.429298996925354,0.4046249985694885,0.42654699087142944,348574391
2024-07-24,0.4068470001220703,0.4208729863166809,0.40468600392341614,0.41008898615837097,335809825
2024-07-25,0.3946709930896759,0.4078739881515503,0.38282498717308044,0.4068470001220703,359539415
2024-07-26,0.41774699091911316,0.41957199573516846,0.3945859968662262,0.3946720063686371,265380415
2024-07-27,0.41819798946380615,0.4286850094795227,0.4141010046005249,0.41774600744247437,430162296
2024-07-28,0.40738698840141296,0.42028701305389404,0.40560001134872437,0.4181950092315674,261455853
2024-07-29,0.404013991355896,0.42643699049949646,0.40378299355506897,0.40738698840141296,328634235
2024-07-30,0.40167999267578125,0.40697699785232544,0.3960820138454437,0.40400800108909607,277821308
2024-07-31,0.38877299427986145,0.4074009954929352,0.3879599869251251,0.4016770124435425,282132846
2024-08-01,0.3927060067653656,0.3950749933719635,0.36999601125717163,0.38877400755882263,348062632
2024-08-02,0.36382201313972473,0.39426299929618835,0.3602890074253082,0.3927060067653656,391092412
2024-08-03,0.364095002412796,0.3724839985370636,0.3503499925136566,0.36382201313972473,309403901
2024-08-04,0.3439379930496216,0.3669930100440979,0.33556899428367615,0.3641059994697571,317908629
2024-08-05,0.31315499544143677,0.34546899795532227,0.27988600730895996,0.3439379930496216,1211794401
2024-08-06,0.3307819962501526,0.3361400067806244,0.312514990568161,0.31315600872039795,401715322
2024-08-07,0.3236980140209198,0.340582013130188,0.31707099080085754,0.3307819962501526,346795316
2024-08-08,0.35181400179862976,0.3530629873275757,0.32031700015068054,0.32370099425315857,326623648
2024-08-09,0.3485470116138458,0.3538700044155121,0.3375079929828644,0.35181400179862976,275869404
2024-08-10,0.3462890088558197,0.3517650067806244,0.3452729880809784,0.3485470116138458,155114866
2024-08-11,0.32832199335098267,0.3562749922275543,0.32803699374198914,0.34629198908805847,203353395
2024-08-12,0.33897700905799866,0.34397798776626587,0.32805201411247253,0.3283190131187439,276146893
2024-08-13,0.3401539921760559,0.34465599060058594,0.3318899869918823,0.33897700905799866,208538494
2024-08-14,0.3354550004005432,0.345194011926651,0.33243700861930847,0.340146005153656,206602286
2024-08-15,0.3253529965877533,0.3413679897785187,0.3214839994907379,0.3354560136795044,243240095
2024-08-16,0.3304719924926758,0.3449530005455017,0.3210189938545227,0.3253529965877533,333621595
2024-08-17,0.3368859887123108,0.33860400319099426,0.3285149931907654,0.3304719924926758,164578014
2024-08-18,0.33483099937438965,0.33959800004959106,0.3337959945201874,0.336887001991272,147715225
2024-08-19,0.3367530107498169,0.3375450074672699,0.32884201407432556,0.33483099937438965,205948260
2024-08-20,0.34368500113487244,0.3481540083885193,0.3362320065498352,0.3367840051651001,232812455
2024-08-21,0.3690589964389801,0.377265989780426,0.3434779942035675,0.34368500113487244,369934783
2024-08-22,0.3765360116958618,0.37719398736953735,0.36473900079727173,0.3690600097179413,253221746
2024-08-23,0.39153599739074707,0.39228299260139465,0.3742170035839081,0.3765380084514618,360713833
2024-08-24,0.39400699734687805,0.40117698907852173,0.38848400115966797,0.3915260136127472,259095804
2024-08-25,0.3849790096282959,0.3940260112285614,0.378711998462677,0.3940100073814392,271365361
2024-08-26,0.36695700883865356,0.3876760005950928,0.3669550120830536,0.38497599959373474,288310031
2024-08-27,0.35051101446151733,0.3724910020828247,0.34626901149749756,0.36695200204849243,307613758
2024-08-28,0.35019201040267944,0.3601889908313751,0.34202998876571655,0.35051101446151733,316985233
2024-08-29,0.35704100131988525,0.36735498905181885,0.34987199306488037,0.35019099712371826,263189476
2024-08-30,0.34715399146080017,0.3615800142288208,0.33882299065589905,0.35704898834228516,297382538
2024-08-31,0.3453519940376282,0.35011500120162964,0.3450370132923126,0.34715399146080017,120909139
2024-09-01,0.33173999190330505,0.34563401341438293,0.3288620114326477,0.3453510105609894,212136963
2024-09-02,0.3359679877758026,0.3369620144367218,0.32570499181747437,0.33173999190330505,232651288
2024-09-03,0.3185510039329529,0.3394089937210083,0.3185510039329529,0.33596599102020264,228558971
2024-09-04,0.32352399826049805,0.3291020095348358,0.30829301476478577,0.3185440003871918,320645799
2024-09-05,0.32506200671195984,0.339150995016098,0.3201729953289032,0.32352399826049805,302516707
2024-09-06,0.31471800804138184,0.33132100105285645,0.30510398745536804,0.32506200671195984,341107574
2024-09-07,0.3250730037689209,0.3276199996471405,0.3147130012512207,0.31471899151802063,171441808
2024-09-08,0.33865898847579956,0.3405809998512268,0.3241640031337738,0.3250710070133209,212278974
2024-09-09,0.34340599179267883,0.34838199615478516,0.3385140001773834,0.3386540114879608,257206648
2024-09-10,0.3434770107269287,0.3454369902610779,0.33787301182746887,0.34340599179267883,186507920
2024-09-11,0.3530539870262146,0.3564249873161316,0.33050599694252014,0.3434770107269287,263880950
2024-09-12,0.3562929928302765,0.3604629933834076,0.3527800142765045,0.3530539870262146,256108848
2024-09-13,0.36090001463890076,0.364547997713089,0.35078200697898865,0.3562929928302765,222228805
2024-09-14,0.35447999835014343,0.36175400018692017,0.35256800055503845,0.36090001463890076,160253934
2024-09-15,0.3385230004787445,0.3559969961643219,0.3357219994068146,0.35447999835014343,195851407
2024-09-16,0.3303059935569763,0.3385460078716278,0.3269670009613037,0.3385240137577057,211465289
2024-09-17,0.33391299843788147,0.34283798933029175,0.32889699935913086,0.3303050100803375,209019175
2024-09-18,0.3429360091686249,0.3429360091686249,0.3280850052833557,0.33391299843788147,254109953
2024-09-19,0.35094499588012695,0.3561669886112213,0.34293898940086365,0.34293898940086365,297282683
2024-09-20,0.3521139919757843,0.36093100905418396,0.3495199978351593,0.35094600915908813,245398498
2024-09-21,0.3585759997367859,0.3595559895038605,0.35107800364494324,0.3521130084991455,155658003
2024-09-22,0.3517720103263855,0.3590629994869232,0.343733012676239,0.35859400033950806,176346122
2024-09-23,0.3637309968471527,0.36522001028060913,0.347137987613678,0.3517720103263855,260276216
2024-09-24,0.38773301243782043,0.39121800661087036,0.3589720129966736,0.36373499035835266,329591997
2024-09-25,0.38108301162719727,0.39298200607299805,0.379393994808197,0.38773199915885925,280504960
2024-09-26,0.40188199281692505,0.4033229947090149,0.37877199053764343,0.38108301162719727,352325723
2024-09-27,0.4023280143737793,0.414669007062912,0.4004409909248352,0.40188100934028625,316360073
2024-09-28,0.40105199813842773,0.40563899278640747,0.39357998967170715,0.40232399106025696,205321418
2024-09-29,0.39759698510169983,0.4039500057697296,0.39362600445747375,0.40105101466178894,190459764
2024-09-30,0.3732140064239502,0.3976210057735443,0.37182900309562683,0.397599995136261,278179362
2024-10-01,0.3524410128593445,0.38567501306533813,0.3473309874534607,0.3732140064239502,440800413
2024-10-02,0.3440049886703491,0.36212098598480225,0.3366270065307617,0.3524419963359833,346156714
2024-10-03,0.34523698687553406,0.349249005317688,0.33325499296188354,0.34398800134658813,314859654
2024-10-04,0.3513979911804199,0.35560500621795654,0.34338098764419556,0.34523698687553406,229796454
2024-10-05,0.35071998834609985,0.3554779887199402,0.34598198533058167,0.3513979911804199,149913415
2024-10-06,0.357230007648468,0.3582029938697815,0.34835299849510193,0.35071998834609985,151061108
2024-10-07,0.3514670133590698,0.3676770031452179,0.35105401277542114,0.357230007648468,260641174
2024-10-08,0.3445169925689697,0.3565419912338257,0.3416210114955902,0.3514670133590698,225110180
2024-10-09,0.3397020101547241,0.3475230038166046,0.3345009982585907,0.3445169925689697,220051874
2024-10-10,0.3388899862766266,0.3411659896373749,0.33207398653030396,0.33969399333000183,208411029
2024-10-11,0.35118499398231506,0.35458898544311523,0.3385719954967499,0.3388940095901489,192684098
2024-10-12,0.3532150089740753,0.356130987405777,0.35118401050567627,0.35118401050567627,153558913
2024-10-13,0.34803399443626404,0.3588539958000183,0.34465301036834717,0.3532150089740753,185274283
2024-10-14,0.36388900876045227,0.36484599113464355,0.3428879976272583,0.3480350077152252,285258532
2024-10-15,0.3585270047187805,0.3694489896297455,0.34905698895454407,0.36388999223709106,399757771
2024-10-16,0.352524995803833,0.3603920042514801,0.3514159917831421,0.3585270047187805,268878089
2024-10-17,0.34303200244903564,0.35455799102783203,0.3403419852256775,0.352526992559433,284797891
2024-10-18,0.3507100045681,0.35251501202583313,0.3429099917411804,0.3430269956588745,210521099
2024-10-19,0.35166099667549133,0.3566330075263977,0.34964901208877563,0.3507089912891388,165288317
2024-10-20,0.3648410141468048,0.36514800786972046,0.34862300753593445,0.35166001319885254,202078470
2024-10-21,0.36095601320266724,0.37190499901771545,0.35349899530410767,0.3648419976234436,305820736
2024-10-22,0.36381998658180237,0.36726799607276917,0.3558659851551056,0.3609580099582672,299403395
2024-10-23,0.34861400723457336,0.3682210147380829,0.34332698583602905,0.36381998658180237,292449176
2024-10-24,0.34630998969078064,0.3543640077114105,0.34019601345062256,0.34990501403808594,268150393
2024-10-25,0.3244119882583618,0.3464919924736023,0.3204750120639801,0.3463220000267029,429399149
2024-10-26,0.3333500027656555,0.3338940143585205,0.32156801223754883,0.3244140148162842,250257801
2024-10-27,0.33987200260162354,0.3413800001144409,0.3313559889793396,0.3333509862422943,153581313
2024-10-28,0.3437960147857666,0.3469580113887787,0.3312300145626068,0.33987200260162354,268428861
2024-10-29,0.35565099120140076,0.3561910092830658,0.3432460129261017,0.34379398822784424,295107515
2024-10-30,0.35526400804519653,0.3630259931087494,0.35130399465560913,0.3556550145149231,291553538
2024-10-31,0.34184500575065613,0.36055201292037964,0.3410939872264862,0.3552649915218353,280824333
2024-11-01,0.3570899963378906,0.3610070049762726,0.3354179859161377,0.3418459892272949,368246241
2024-11-02,0.3477709889411926,0.362870991230011,0.3463039994239807,0.3570930063724518,236242981
2024-11-03,0.3342849910259247,0.34791100025177,0.3292360007762909,0.3477639853954315,282268957
2024-11-04,0.3260189890861511,0.3360849916934967,0.3213990032672882,0.3342849910259247,261938084
2024-11-05,0.33392399549484253,0.3378939926624298,0.3260129988193512,0.3260270059108734,241884463
2024-11-06,0.36332300305366516,0.36503198742866516,0.33392098546028137,0.3339259922504425,628391576
2024-11-07,0.40501299500465393,0.40501299500465393,0.36203300952911377,0.36332300305366516,621558993
2024-11-08,0.4438149929046631,0.45788899064064026,0.4047589898109436,0.40501299500465393,1438657272
2024-11-09,0.4936800003051758,0.4938949942588806,0.42896899580955505,0.44381698966026306,721697726
2024-11-10,0.5903090238571167,0.652301013469696,0.4899370074272156,0.4936780035495758,5261440714
2024-11-11,0.6138079762458801,0.6222490072250366,0.5678070187568665,0.590304970741272,2987552596
2024-11-12,0.5739179849624634,0.64963299036026,0.5582119822502136,0.6138079762458801,2901745029
2024-11-13,0.5787749886512756,0.605301022529602,0.5213019847869873,0.573943018913269,2297021923
2024-11-14,0.5801159739494324,0.5980579853057861,0.5458620190620422,0.5787749886512756,1494813121
2024-11-15,0.6740599870681763,0.6892160177230835,0.5785419940948486,0.5801370143890381,3850451584
2024-11-16,0.7387340068817139,0.8116559982299805,0.7033159732818604,0.7033979892730713,5486835963
2024-11-17,0.7023249864578247,0.7678120136260986,0.6970270276069641,0.7387310266494751,2319881888
2024-11-18,0.7345799803733826,0.7796580195426941,0.7022619843482971,0.702301025390625,2244334039
2024-11-19,0.7396420240402222,0.7635290026664734,0.7238579988479614,0.7345799803733826,1551275089
2024-11-20,0.8003450036048889,0.8466290235519409,0.739471971988678,0.739637017250061,3799019828
2024-11-21,0.8204740285873413,0.8205469846725464,0.7703859806060791,0.8003420233726501,2536610264
2024-11-22,1.010422945022583,1.0384249687194824,0.8152329921722412,0.8204860091209412,6204396570
2024-11-23,1.066236972808838,1.1416820287704468,1.0104169845581055,1.0104219913482666,6544939547
2024-11-24,1.0231059789657593,1.094539999961853,0.9483410120010376,1.0662000179290771,3863056160
2024-11-25,0.9456890225410461,1.0699199438095093,0.9335500001907349,1.0231120586395264,3241380612
2024-11-26,0.9612320065498352,0.9883769750595093,0.8797209858894348,0.945684015750885,2875634851
2024-11-27,1.0133459568023682,1.03671395778656,0.9354379773139954,0.961184024810791,2606240084
2024-11-28,1.0335079431533813,1.0457689762115479,0.9770380258560181,1.0133479833602905,1563014326
2024-11-29,1.0768580436706543,1.0977959632873535,1.0304570198059082,1.0335079431533813,2218813144
2024-11-30,1.0789419412612915,1.1470849514007568,1.0538409948349,1.0768870115280151,2395901131
2024-12-01,1.1552519798278809,1.1584930419921875,1.0409859418869019,1.078935980796814,2300394616
2024-12-02,1.2017760276794434,1.2306849956512451,1.0615969896316528,1.1552859544754028,5544891690
2024-12-03,1.198125958442688,1.318681001663208,1.16982901096344,1.2017910480499268,5770098588
2024-12-04,1.1873199939727783,1.2401750087738037,1.149204969406128,1.1980830430984497,2838477436
2024-12-05,1.1847120523452759,1.238353967666626,1.1262869834899902,1.1872349977493286,3207578224
2024-12-06,1.2311069965362549,1.2346420288085938,1.1430219411849976,1.1631560325622559,2258465650
2024-12-07,1.214195966720581,1.2345750331878662,1.1930210590362549,1.2310810089111328,1376386201
2024-12-08,1.1962909698486328,1.2221519947052002,1.176677942276001,1.214480996131897,1699042879
2024-12-09,1.0075490474700928,1.1964149475097656,0.9522050023078918,1.196295976638794,3280181154
2024-12-10,1.0201610326766968,1.0361729860305786,0.9149690270423889,1.0075470209121704,3443248478
2024-12-11,1.0888899564743042,1.1092840433120728,0.9769459962844849,1.020292043685913,2130336502
2024-12-12,1.1250159740447998,1.1767499446868896,1.0772650241851807,1.0888489484786987,2209430802
2024-12-13,1.1196019649505615,1.1274850368499756,1.0813519954681396,1.1250059604644775,1325815818
2024-12-14,1.0605119466781616,1.1311299800872803,1.0459280014038086,1.1196019649505615,4239229343
2024-12-15,1.1017080545425415,1.1070879697799683,1.042631983757019,1.0605109930038452,1008997536
2024-12-16,1.0788559913635254,1.115705966949463,1.052016019821167,1.10166597366333,1536006595
2024-12-17,1.0515249967575073,1.109043002128601,1.0452890396118164,1.0788459777832031,1578564654
2024-12-18,0.9684200286865234,1.0579450130462646,0.9683780074119568,1.0515270233154297,1979056656
2024-12-19,0.8855019807815552,0.9871839880943298,0.853875994682312,0.968438982963562,2338441189
2024-12-20,0.9510110020637512,0.9567130208015442,0.7658889889717102,0.8854889869689941,2803176930
2024-12-21,0.9046940207481384,0.9959099888801575,0.8898760080337524,0.9510110020637512,1542881115
2024-12-22,0.8829759955406189,0.921684980392456,0.863090991973877,0.9046869874000549,1112000307
2024-12-23,0.9242460131645203,0.9395459890365601,0.8652269840240479,0.8829839825630188,1295330633
2024-12-24,0.936460018157959,0.9477130174636841,0.8928340077400208,0.9242429733276367,992442081
2024-12-25,0.916858971118927,0.9365509748458862,0.9040979743003845,0.9364650249481201,646314883
2024-12-26,0.8597850203514099,0.9246339797973633,0.8530790209770203,0.9168540239334106,789160826
2024-12-27,0.8747680187225342,0.9113370180130005,0.857433021068573,0.8597800135612488,885820827
2024-12-28,0.8878170251846313,0.8950690031051636,0.8678249716758728,0.8747749924659729,538128475
2024-12-29,0.8586400151252747,0.9079430103302002,0.8522899746894836,0.8878170251846313,645859774
2024-12-30,0.8600170016288757,0.8961949944496155,0.8309829831123352,0.8586410284042358,970303435
2024-12-31,0.8437650203704834,0.8722630143165588,0.8417440056800842,0.8600239753723145,677089128
2025-01-01,0.9175919890403748,0.9294220209121704,0.8389260172843933,0.8437659740447998,926095054
2025-01-02,0.9613450169563293,0.9790819883346558,0.9175969958305359,0.9176539778709412,1199916914
2025-01-03,1.0903760194778442,1.1160989999771118,0.9600440263748169,0.9613469839096069,2503146669
2025-01-04,1.0714000463485718,1.1079189777374268,1.0588500499725342,1.0903520584106445,1175730814
2025-01-05,1.0934669971466064,1.107867956161499,1.055279016494751,1.0713969469070435,1241263862
2025-01-06,1.0941239595413208,1.1125869750976562,1.0680979490280151,1.0934640169143677,1303664168
2025-01-07,0.9920099973678589,1.1501630544662476,0.9919620156288147,1.0941230058670044,2238100221
2025-01-08,0.9480310082435608,1.0212819576263428,0.9135900139808655,0.9920179843902588,1978552965
2025-01-09,0.9059900045394897,0.9582769870758057,0.8837609887123108,0.9480230212211609,1351715573
2025-01-10,0.9314529895782471,0.9717730283737183,0.9056479930877686,0.9059900045394897,1252358898
2025-01-11,0.9945240020751953,1.0129410028457642,0.9164530038833618,0.9314510226249695,888877434
2025-01-12,0.9685549736022949,1.034566044807434,0.9636729955673218,0.9944869875907898,1120377628
2025-01-13,0.9447420239448547,0.9910529851913452,0.889339029788971,0.968533992767334,1532120555
2025-01-14,0.9949089884757996,1.0069010257720947,0.940123975276947,0.9447360038757324,1119015701
2025-01-15,1.0791540145874023,1.0837650299072266,0.9909840226173401,0.9949110150337219,2210962210
2025-01-16,1.0900989770889282,1.13960599899292,1.0301799774169922,1.0790940523147583,2245926187
2025-01-17,1.1351219415664673,1.1636749505996704,1.0882200002670288,1.0900930166244507,1819221213
2025-01-18,1.10207200050354,1.143610954284668,1.0526319742202759,1.1351089477539062,1614350854
2025-01-19,0.991191029548645,1.1474610567092896,0.9781140089035034,1.1020480394363403,2978644563
2025-01-20,1.0086439847946167,1.0967010259628296,0.9688519835472107,0.9911689758300781,2754988266
2025-01-21,1.004654049873352,1.0269290208816528,0.9550960063934326,1.0086619853973389,1689540931
2025-01-22,0.9816439747810364,1.0159939527511597,0.9794300198554993,1.004654049873352,973043309
2025-01-23,0.9874939918518066,1.0066380500793457,0.9537469744682312,0.9816439747810364,1176052467
2025-01-24,0.9714940190315247,1.0071090459823608,0.9661970138549805,0.9874609708786011,899623660
2025-01-25,0.9772719740867615,0.9902070164680481,0.9661849737167358,0.9714999794960022,518321010
2025-01-26,0.9548559784889221,0.9992120265960693,0.9548559784889221,0.9772719740867615,558478883
2025-01-27,0.9329429864883423,0.9568079710006714,0.8687660098075867,0.954820990562439,1388103697
2025-01-28,0.9161149859428406,0.9670730233192444,0.9050549864768982,0.9329519867897034,768281216
2025-01-29,0.9411270022392273,0.9583600163459778,0.9052199721336365,0.916109025478363,819481985
2025-01-30,0.9610139727592468,0.9862490296363831,0.9386979937553406,0.9411429762840271,626612172
2025-01-31,0.9422289729118347,0.9818969964981079,0.9368590116500854,0.9610069990158081,700669655
2025-02-01,0.8979439735412598,0.9560539722442627,0.8909400105476379,0.9422289729118347,576044613
2025-02-02,0.8017399907112122,0.9097269773483276,0.7710750102996826,0.8979349732398987,1554294076
2025-02-03,0.8115590214729309,0.8229950070381165,0.5648369789123535,0.8017529845237732,4694160143
2025-02-04,0.7463430166244507,0.81843101978302,0.7190250158309937,0.8115620017051697,1601678503
2025-02-05,0.7332090139389038,0.7740880250930786,0.7289459705352783,0.746330976486206,840128547
2025-02-06,0.7050619721412659,0.7646530270576477,0.7021329998970032,0.7331269979476929,844784492
2025-02-07,0.7070930004119873,0.7500200271606445,0.6924769878387451,0.705053985118866,940384129
2025-02-08,0.7018489837646484,0.7148569822311401,0.6847509741783142,0.7070950269699097,553879408
2025-02-09,0.6827009916305542,0.7126370072364807,0.6540560126304626,0.7017760276794434,679645670
2025-02-10,0.7106930017471313,0.716280996799469,0.66560298204422,0.6827729940414429,751114200
2025-02-11,0.7793989777565002,0.8159189820289612,0.7107419967651367,0.7107419967651367,1813731044
2025-02-12,0.7992240190505981,0.8050739765167236,0.7528030276298523,0.7793949842453003,1231175669
2025-02-13,0.8107420206069946,0.8269019722938538,0.7720170021057129,0.799235999584198,840300501
2025-02-14,0.8005070090293884,0.8270789980888367,0.7931399941444397,0.8107100129127502,787635175
2025-02-15,0.7811099886894226,0.8129389882087708,0.7771999835968018,0.8005139827728271,493874835
2025-02-16,0.772005021572113,0.7868019938468933,0.7647410035133362,0.7811110019683838,448477194
2025-02-17,0.8080250024795532,0.8269169926643372,0.7718629837036133,0.7720010280609131,1041802036
2025-02-18,0.7523630261421204,0.8125380277633667,0.7381849884986877,0.8081070184707642,905917139
2025-02-19,0.7729430198669434,0.7747200131416321,0.7372490167617798,0.752364993095398,706077594
2025-02-20,0.8044739961624146,0.8104299902915955,0.7717170119285583,0.7729399800300598,688006862
2025-02-21,0.7613710165023804,0.8169400095939636,0.7521179914474487,0.8044639825820923,951661847
2025-02-22,0.7744519710540771,0.7826600074768066,0.7585909962654114,0.7613710165023804,530696926
2025-02-23,0.7700409889221191,0.7869970202445984,0.7614660263061523,0.7744510173797607,495111534
2025-02-24,0.6822019815444946,0.7755889892578125,0.680666983127594,0.770039975643158,960897545
2025-02-25,0.6825820207595825,0.6930379867553711,0.6338109970092773,0.6822119951248169,1317817123
2025-02-26,0.6450380086898804,0.693576991558075,0.6349819898605347,0.6825860142707825,869010894
2025-02-27,0.6455850005149841,0.6781089901924133,0.6284220218658447,0.6450530290603638,683537664
2025-02-28,0.6330509781837463,0.645609974861145,0.5821880102157593,0.6455810070037842,1102255137
2025-03-01,0.6592649817466736,0.674651026725769,0.6267330050468445,0.6330519914627075,585631597
2025-03-02,1.1295030117034912,1.134268045425415,0.6461189985275269,0.6592839956283569,7647921820
2025-03-03,0.8552640080451965,1.1342129707336426,0.8381940126419067,1.1295260190963745,7028104831
2025-03-04,0.941277027130127,0.9502570033073425,0.7684890031814575,0.8552619814872742,5400303546
2025-03-05,0.9753559827804565,1.0150569677352905,0.919651985168457,0.941245973110199,3945666181
2025-03-06,0.9075520038604736,0.9784650206565857,0.8882910013198853,0.9753640294075012,2621972377
2025-03-07,0.8167999982833862,0.9126889705657959,0.8115950226783752,0.9075520038604736,3480876480
2025-03-08,0.8046919703483582,0.836214005947113,0.7968320250511169,0.8167999982833862,1184834509
2025-03-09,0.7201489806175232,0.8156759738922119,0.7128279805183411,0.8046799898147583,1597453600
2025-03-10,0.6725969910621643,0.7737690210342407,0.6611070036888123,0.7201489806175232,1891557329
2025-03-11,0.722586989402771,0.7412700057029724,0.6536449790000916,0.6725940108299255,1875965762
2025-03-12,0.7354440093040466,0.7614730000495911,0.7125800251960754,0.7226340174674988,1355643740
2025-03-13,0.7022889852523804,0.7383890151977539,0.6925600171089172,0.7354440093040466,1195241317
2025-03-14,0.738315999507904,0.7483530044555664,0.6998530030250549,0.7022870182991028,1015277074
2025-03-15,0.7482889890670776,0.7584199905395508,0.7331420183181763,0.7383109927177429,720758317
2025-03-16,0.7057639956474304,0.748278021812439,0.6990389823913574,0.7482770085334778,807154727
2025-03-17,0.7180920243263245,0.7291240096092224,0.705269992351532,0.7057539820671082,756343011
2025-03-18,0.702081024646759,0.7181329727172852,0.6839810013771057,0.7180899977684021,697365412
2025-03-19,0.7441999912261963,0.7460219860076904,0.7012720108032227,0.7020840048789978,1096739941
2025-03-20,0.7175170183181763,0.7522349953651428,0.7135390043258667,0.7442319989204407,850609830
2025-03-21,0.7051169872283936,0.7261019945144653,0.7017549872398376,0.7174890041351318,660902108
2025-03-22,0.7009410262107849,0.7152050137519836,0.6991220116615295,0.7051200270652771,458125954
2025-03-23,0.7095080018043518,0.7151650190353394,0.6932539939880371,0.7009410262107849,585188487
2025-03-24,0.7309949994087219,0.7440339922904968,0.7067490220069885,0.7095029950141907,894622894
2025-03-25,0.745199978351593,0.7653399705886841,0.72223299741745,0.7309960126876831,1066564498
2025-03-26,0.7280619740486145,0.7727810144424438,0.721930980682373,0.7451930046081543,937295461
2025-03-27,0.737671971321106,0.7435969710350037,0.7227590084075928,0.7280769944190979,574512540
2025-03-28,0.705551028251648,0.7448449730873108,0.6906650066375732,0.7376729846000671,789537387
2025-03-29,0.6739220023155212,0.7111859917640686,0.6611850261688232,0.7055490016937256,643130134
2025-03-30,0.6607080101966858,0.6867219805717468,0.6520990133285522,0.6739090085029602,489882249
2025-03-31,0.6614469885826111,0.6637219786643982,0.6312100291252136,0.6606969833374023,754677195
2025-04-01,0.6776549816131592,0.6926289796829224,0.6591150164604187,0.6614459753036499,688019564
2025-04-02,0.641638994216919,0.7056289911270142,0.6371780037879944,0.6776480078697205,969234908
2025-04-03,0.6500589847564697,0.6562399864196777,0.6152229905128479,0.6416019797325134,873870076
2025-04-04,0.6604490280151367,0.6685310006141663,0.6296859979629517,0.6500629782676697,934938981
2025-04-05,0.6546710133552551,0.6664019823074341,0.6457549929618835,0.6604359745979309,403628594
2025-04-06,0.5727930068969727,0.6547629833221436,0.5617870092391968,0.6546710133552551,943427756
2025-04-07,0.5854309797286987,0.5966190099716187,0.5162259936332703,0.5728030204772949,1985606963
2025-04-08,0.5578879714012146,0.616657018661499,0.5544250011444092,0.5854349732398987,1249643862
2025-04-09,0.631676971912384,0.6438260078430176,0.5380139946937561,0.557869017124176,1648147581
2025-04-10,0.609387993812561,0.6323840022087097,0.588096022605896,0.6316940188407898,921990046
2025-04-11,0.6241670250892639,0.6366549730300903,0.60663902759552,0.6093950271606445,837897601
2025-04-12,0.6588519811630249,0.665910005569458,0.617717981338501,0.6241660118103027,676334951
2025-04-13,0.6380749940872192,0.6663169860839844,0.6318590044975281,0.6588550209999084,664262311
2025-04-14,0.6348739862442017,0.6556959748268127,0.630066990852356,0.6380720138549805,702462762
2025-04-15,0.6091629862785339,0.6474990248680115,0.6077629923820496,0.6348749995231628,729833314
2025-04-16,0.610418975353241,0.6225619912147522,0.5973309874534607,0.6091629862785339,660642294
2025-04-17,0.6163049936294556,0.6292309761047363,0.6097490191459656,0.610418975353241,459522026
2025-04-18,0.6274449825286865,0.6313210129737854,0.6111559867858887,0.6163049936294556,385441968
2025-04-19,0.6279540061950684,0.634082019329071,0.6197729706764221,0.6274449825286865,343946478
2025-04-20,0.6197819709777832,0.6339120268821716,0.6105179786682129,0.6279469728469849,366085065
2025-04-21,0.6239399909973145,0.6492059826850891,0.6176490187644958,0.6197819709777832,657464744
2025-04-22,0.680404007434845,0.6838780045509338,0.6183760166168213,0.6239359974861145,857733017
2025-04-23,0.6975659728050232,0.7152690291404724,0.6784219741821289,0.680387020111084,971202640
2025-04-24,0.72182697057724,0.7390909790992737,0.6714910268783569,0.6975669860839844,1033424969
2025-04-25,0.7141410112380981,0.7277060151100159,0.7033529877662659,0.7219780087471008,957571529
2025-04-26,0.7075210213661194,0.7331420183181763,0.7023699879646301,0.7141150236129761,660103423
2025-04-27,0.7039750218391418,0.7170320153236389,0.6924610137939453,0.7075129747390747,573620571
2025-04-28,0.7054799795150757,0.7281910181045532,0.6843479871749878,0.7039790153503418,895129397
2025-04-29,0.6963300108909607,0.7176340222358704,0.6903160214424133,0.7054799795150757,839231770
2025-04-30,0.6819300055503845,0.702830970287323,0.6668940186500549,0.6963300108909607,664786586
2025-05-01,0.7054340243339539,0.7138029932975769,0.6818259954452515,0.6819350123405457,602107137
2025-05-02,0.6980419754981995,0.7243419885635376,0.6900730133056641,0.7054349780082703,690154754
2025-05-03,0.701026976108551,0.7283570170402527,0.6927149891853333,0.6980419754981995,778920755
2025-05-04,0.676692008972168,0.713371992111206,0.6733899712562561,0.701026976108551,704179966
2025-05-05,0.6629760265350342,0.6897919774055481,0.6559979915618896,0.676692008972168,699151297
2025-05-06,0.6783819794654846,0.6799700260162354,0.6446290016174316,0.6629760265350342,592765534
2025-05-07,0.6711859703063965,0.6878399848937988,0.6565380096435547,0.678367018699646,615619795
2025-05-08,0.7666040062904358,0.7683410048484802,0.6707760095596313,0.6712080240249634,1352507618
2025-05-09,0.7777109742164612,0.8161730170249939,0.7558590173721313,0.7667409777641296,1495123581
2025-05-10,0.8412730097770691,0.8414779901504517,0.7730349898338318,0.7777130007743835,1434324472
2025-05-11,0.8049889802932739,0.8435559868812561,0.7842689752578735,0.8412569761276245,1092674369
2025-05-12,0.8176379799842834,0.8608250021934509,0.7872480154037476,0.8049899935722351,2013365721
2025-05-13,0.8315600156784058,0.8407639861106873,0.7742679715156555,0.8176349997520447,1325631679
2025-05-14,0.7995200157165527,0.8317170143127441,0.7907559871673584,0.8315790295600891,1149087779
2025-05-15,0.7612429857254028,0.8096849918365479,0.7468500137329102,0.7995269894599915,1282600970
2025-05-16,0.7592679858207703,0.784978985786438,0.752905011177063,0.7612730264663696,761962011
2025-05-17,0.7423850297927856,0.7802760004997253,0.7294650077819824,0.7592679858207703,974561722
2025-05-18,0.7606260180473328,0.7752469778060913,0.7246180176734924,0.7423850297927856,940509064
2025-05-19,0.7430629730224609,0.7632330060005188,0.7120149731636047,0.7605990171432495,870207859
2025-05-20,0.7457290291786194,0.7524899840354919,0.7238219976425171,0.7430629730224609,718031523
2025-05-21,0.7707189917564392,0.782069981098175,0.7394649982452393,0.7457219958305359,1107919947
2025-05-22,0.8081380128860474,0.8098549842834473,0.769894003868103,0.7707229852676392,1060144223
2025-05-23,0.7463799715042114,0.8396180272102356,0.745015025138855,0.8081560134887695,1438828552
2025-05-24,0.7471920251846313,0.765932023525238,0.7427840232849121,0.7463849782943726,606044855
2025-05-25,0.7584137916564941,0.7584137916564941,0.7300963997840881,0.7472267746925354,660210112
